trainer/Eval_AverageReturn,trainer/Eval_StdReturn,trainer/Eval_MaxReturn,trainer/Eval_MinReturn,trainer/Eval_AverageEpLen,trainer/Train_AverageReturn,trainer/Train_StdReturn,trainer/Train_MaxReturn,trainer/Train_MinReturn,trainer/Train_AverageEpLen,trainer/Train_EnvstepsSoFar,trainer/Train_AverageRewardSoFar,trainer/Eval_AverageRewardSoFar,trainer/TimeSinceStart,trainer/Training Loss,trainer/Initial_DataCollection_AverageReturn
201.19934,0.0,201.19934,201.19934,501.0,-2423.5024,440.22174,-1787.8011,-3312.8218,501.0,5010,0.0,0.0,117.34981322288513,0.073367916,-2423.5024
546.2735,0.0,546.2735,546.2735,501.0,200.089,19.292532,225.14337,167.96667,501.0,10020,0.0,0.0,1182.7210869789124,0.10307649,-2423.5024
725.26306,0.0,725.26306,725.26306,501.0,523.78723,19.38179,549.85236,485.851,501.0,15030,0.0,0.0,2260.8946435451508,0.11127448,-2423.5024
754.7926,0.0,754.7926,754.7926,501.0,785.61774,37.248817,850.7231,725.7513,501.0,20040,0.0,0.0,3321.394910097122,0.10859635,-2423.5024
782.9033,0.0,782.9033,782.9033,501.0,840.9554,42.41992,924.0696,786.2105,501.0,25050,0.0,0.0,4402.930016994476,0.11191961,-2423.5024
